{
  "acc": 0.8946434558924481,
  "ap": 0.012275549319665506,
  "auc": 0.9300237998162426,
  "brier": 0.08706242841755124,
  "ece": 0.21132924806443443,
  "logloss": 0.3084883666171567,
  "n": 633016,
  "pos_rate": 0.00031764946015135233,
  "threshold": 0.5
}