{
  "acc": 0.8995227535180321,
  "ap": 0.8973911459102644,
  "auc": 0.9501255953029456,
  "brier": 0.07577408813558896,
  "ece": 0.0049412708408246835,
  "logloss": 0.25258861310930475,
  "n": 293559,
  "pos_rate": 0.29274524030944377,
  "threshold": 0.5
}