{
  "acc": 0.899665825268515,
  "ap": 0.8974810958764351,
  "auc": 0.9503687945941498,
  "brier": 0.07557946097252943,
  "ece": 0.004009053128865372,
  "logloss": 0.251896657777355,
  "n": 293559,
  "pos_rate": 0.29274524030944377,
  "threshold": 0.5
}