{
  "acc": 0.8954866421081692,
  "ap": 0.012944095724599,
  "auc": 0.9306915288668268,
  "brier": 0.08596652764487346,
  "ece": 0.20519208547069903,
  "logloss": 0.3049145815193242,
  "n": 633016,
  "pos_rate": 0.00031764946015135233,
  "threshold": 0.5
}